cause,year,fires,acres,median_size
Arson,1992,11162,267327.29000000743,2.0
Arson,1993,10945,193621.7730000055,2.0
Arson,1994,10080,477147.63699998736,2.0
Arson,1995,12648,290068.8800000042,2.0
Arson,1996,10206,514985.9799999912,2.0
Arson,1997,10936,177105.17000000508,2.0
Arson,1998,14103,302850.9800100079,2.0
Arson,1999,19282,707899.8609999632,2.2
Arson,2000,17827,659805.8109999703,2.0
Arson,2001,16939,470140.7999999718,2.0
Arson,2002,12785,1003302.1926799705,2.0
Arson,2003,10006,440481.2141899857,1.4
Arson,2004,11429,277178.73098999605,2.0
Arson,2005,13354,352592.8540099907,2.0
Arson,2006,18902,557676.1949599689,2.0
Arson,2007,13600,437086.8611799823,1.3
Arson,2008,9483,290579.52074999426,1.0
Arson,2009,8842,439684.2774999785,1.085
Arson,2010,10196,202693.8560000052,1.1749999999999998
Arson,2011,9109,387772.28999998735,1.5
Arson,2012,9560,414064.7679999777,1.0
Arson,2013,6590,291194.95900000294,1.0
Arson,2014,6845,142213.08870000494,1.0
Arson,2015,6626,189799.17000000706,1.0
Campfire,1992,2570,26931.739999999416,0.1
Campfire,1993,2767,30402.97899999859,0.1
Campfire,1994,3726,69247.39999999979,0.2
Campfire,1995,3987,68101.02299999856,0.3
Campfire,1996,4038,154556.5500000053,0.3
Campfire,1997,2490,17847.75000000003,0.1
Campfire,1998,2661,13626.520000000119,0.1
Campfire,1999,3266,51843.40999999991,0.2
Campfire,2000,2723,143085.4500000011,0.1
Campfire,2001,3121,76039.0199999997,0.1
Campfire,2002,3022,311659.5110000022,0.1
Campfire,2003,2436,402416.39499998785,0.1
Campfire,2004,2266,57698.729999999254,0.1
Campfire,2005,3662,129945.05700000239,0.5
Campfire,2006,2845,201249.75600000596,0.1
Campfire,2007,3510,289151.18651000375,0.2
Campfire,2008,3336,156385.5599900088,0.1
Campfire,2009,3314,58829.04499999813,0.1
Campfire,2010,3585,139809.14950000047,0.14
Campfire,2011,3015,743238.9799999874,0.1
Campfire,2012,3471,159533.32100000838,0.1
Campfire,2013,2796,36226.02999999861,0.1
Campfire,2014,3801,42934.18499999918,0.54
Campfire,2015,3731,48302.71299999957,0.25
Children,1992,2916,50900.502999998826,0.4
Children,1993,2501,13744.149000000236,0.5
Children,1994,3201,14479.984000000259,0.3
Children,1995,3310,16675.848000000286,0.5
Children,1996,3039,18374.69400000012,0.5
Children,1997,2884,7013.030000000123,0.3
Children,1998,3109,13890.350000000284,0.5
Children,1999,3517,14746.892000000325,0.5
Children,2000,3492,23974.109999999662,0.5
Children,2001,3537,14353.09000000033,0.5
Children,2002,2906,33293.96499999949,0.5
Children,2003,2250,32532.2899999991,0.3
Children,2004,2041,28752.528089999465,0.4
Children,2005,2507,12814.985000000206,0.5
Children,2006,3186,51539.84899999966,0.48
Children,2007,2580,51125.47098999889,0.3
Children,2008,2215,7461.92999000006,0.5
Children,2009,1890,24462.279999999482,0.3
Children,2010,1903,5325.320000000034,0.3
Children,2011,1894,10840.650000000098,0.5
Children,2012,2119,5796.655000000074,0.3
Children,2013,1400,3994.3199999999633,0.3
Children,2014,1420,6883.5050000000765,0.3
Children,2015,1350,6853.890000000077,0.375
Debris Burning,1992,12729,154201.14200000744,1.0
Debris Burning,1993,12353,109894.68300000326,1.0
Debris Burning,1994,14845,182475.81000000957,1.0
Debris Burning,1995,16719,191292.64100000952,1.0
Debris Burning,1996,16827,269211.2100000083,1.3
Debris Burning,1997,14750,166325.85000000798,1.0
Debris Burning,1998,15111,138022.1400000085,1.0
Debris Burning,1999,22343,337269.99999998446,1.0
Debris Burning,2000,21790,378198.5799999784,1.0
Debris Burning,2001,21377,295063.09400000924,1.0
Debris Burning,2002,19269,225704.48700000922,1.0
Debris Burning,2003,12546,227632.0430000094,1.0
Debris Burning,2004,16911,196057.5009800086,1.0
Debris Burning,2005,18703,310559.65800999827,1.09
Debris Burning,2006,25951,530691.4809999815,1.06
Debris Burning,2007,18703,231665.2069600097,1.05
Debris Burning,2008,18825,325065.64372998674,1.0
Debris Burning,2009,18402,266316.90042700816,1.0
Debris Burning,2010,19835,217769.7695000071,1.0
Debris Burning,2011,19524,434531.79099999083,1.0
Debris Burning,2012,16613,175191.50100000936,1.0
Debris Burning,2013,16703,115012.63089999979,1.0
Debris Burning,2014,19860,264696.95309601346,1.0
Debris Burning,2015,18339,232941.9950000125,1.0
Equipment Use,1992,5633,136179.23900000576,0.72
Equipment Use,1993,5516,122668.21000000421,0.5
Equipment Use,1994,5429,137054.61000000546,0.5
Equipment Use,1995,5594,116224.27900000391,0.5
Equipment Use,1996,6028,520321.41999998194,0.8
Equipment Use,1997,5744,117987.81000000372,0.5
Equipment Use,1998,6027,210612.29000000842,0.5
Equipment Use,1999,7643,376550.7290999727,0.8
Equipment Use,2000,6608,456780.7739999812,1.0
Equipment Use,2001,6581,210882.16100000762,0.6
Equipment Use,2002,5382,273881.712000005,0.5
Equipment Use,2003,5595,171709.88400000913,0.47
Equipment Use,2004,5526,142335.71000000287,0.49
Equipment Use,2005,7148,253325.38699000698,0.83
Equipment Use,2006,9569,401183.1259899955,1.0
Equipment Use,2007,7230,619006.2439999742,1.0
Equipment Use,2008,7464,334408.2817999942,1.0
Equipment Use,2009,6225,186244.45500000348,1.0
Equipment Use,2010,5809,184541.8688900029,1.0
Equipment Use,2011,6896,668898.219999995,1.0
Equipment Use,2012,5628,414226.9349999793,1.0
Equipment Use,2013,4334,87268.23770000195,0.715
Equipment Use,2014,4519,147863.9600000047,0.5
Equipment Use,2015,5484,508890.8229999883,1.0
Fireworks,1992,213,2618.999999999997,0.5
Fireworks,1993,243,6908.800000000015,0.5
Fireworks,1994,413,16026.700000000004,0.5
Fireworks,1995,202,3678.7999999999993,0.4
Fireworks,1996,322,48124.89999999994,0.3
Fireworks,1997,276,3163.549999999998,0.3
Fireworks,1998,306,10098.360000000008,0.5
Fireworks,1999,330,27166.649999999983,0.5
Fireworks,2000,292,11626.010000000035,0.3
Fireworks,2001,426,27267.73999999997,0.5
Fireworks,2002,433,21735.146999999786,0.3
Fireworks,2003,444,10377.00000000004,0.1
Fireworks,2004,420,3594.7999999999975,0.1
Fireworks,2005,543,11844.369000000006,0.3
Fireworks,2006,1009,4371.32500000001,0.1
Fireworks,2007,689,33351.0599999997,0.1
Fireworks,2008,412,2037.2099999999984,0.1
Fireworks,2009,634,8460.420000000016,0.2
Fireworks,2010,666,8750.59000000009,0.3
Fireworks,2011,451,8087.020000000001,0.3
Fireworks,2012,910,31584.690999999504,0.2
Fireworks,2013,709,6040.259999999995,0.3
Fireworks,2014,572,3420.1809999999978,0.2
Fireworks,2015,585,7872.73,0.1
Lightning,1992,12230,1007120.0899998662,0.1
Lightning,1993,7539,1112360.9300000295,0.2
Lightning,1994,16204,2393714.7700002114,0.2
Lightning,1995,8075,831346.9299999787,0.1
Lightning,1996,12634,3249387.3100001407,0.1
Lightning,1997,8447,2218295.280000119,0.1
Lightning,1998,10880,836085.3899999753,0.2
Lightning,1999,11797,3661816.040000111,0.2
Lightning,2000,16547,4895256.451999845,0.3
Lightning,2001,13825,1954476.4100001354,0.2
Lightning,2002,12465,4000895.3248592056,0.2
Lightning,2003,13828,2429578.645190223,0.1
Lightning,2004,11726,7180591.23017886,0.1
Lightning,2005,11103,7604853.915019143,0.4
Lightning,2006,16949,5556431.731009671,0.3
Lightning,2007,12711,5973669.811039369,0.25
Lightning,2008,9904,2236002.2400001762,0.3
Lightning,2009,10449,3938008.2116201483,0.2
Lightning,2010,8983,2030729.7285000947,0.25
Lightning,2011,12538,3764986.2400000975,0.625
Lightning,2012,11130,6883806.685999363,0.5
Lightning,2013,10154,3002130.350000161,0.1
Lightning,2014,8538,2073452.8912500767,0.1
Lightning,2015,9812,8198504.409999249,0.25
Miscellaneous,1992,7364,302305.2190000073,0.5
Miscellaneous,1993,6848,217835.10100000718,0.5
Miscellaneous,1994,7070,186375.51000000772,0.5
Miscellaneous,1995,7297,183589.87700000653,0.5
Miscellaneous,1996,7115,414805.22499997827,0.5
Miscellaneous,1997,9663,213296.5400000108,1.0
Miscellaneous,1998,9334,174401.45000000784,1.0
Miscellaneous,1999,12408,462308.2699999562,1.0
Miscellaneous,2000,19037,653654.6389998429,0.5
Miscellaneous,2001,12038,396253.72599994513,0.5
Miscellaneous,2002,12424,674660.6749999117,0.5
Miscellaneous,2003,11098,420365.1789999423,0.46
Miscellaneous,2004,10300,218725.8239000161,0.3
Miscellaneous,2005,16370,536404.9879999006,0.5
Miscellaneous,2006,21846,1574697.398990222,1.0
Miscellaneous,2007,17893,1087970.944500248,0.5
Miscellaneous,2008,20677,1340604.6904103204,1.0
Miscellaneous,2009,15697,463496.22000994935,0.5
Miscellaneous,2010,17221,431562.8030999794,0.32
Miscellaneous,2011,17629,2232527.2759999433,1.0
Miscellaneous,2012,16223,702834.8579998934,0.5
Miscellaneous,2013,15161,720822.2003098718,0.25
Miscellaneous,2014,14973,346403.6126659434,0.5
Miscellaneous,2015,18119,438301.97509993747,0.25
Missing/Undefined,1992,8366,157951.67999999993,2.0
Missing/Undefined,1993,8826,249443.7200000016,2.0
Missing/Undefined,1994,10183,487495.584999992,1.0
Missing/Undefined,1995,8360,243791.36000000234,1.0
Missing/Undefined,1996,9764,641121.6500000025,2.0
Missing/Undefined,1997,1816,180773.46000000107,0.3
Missing/Undefined,1998,2079,217474.81999999972,0.3
Missing/Undefined,1999,2509,211279.81319000074,0.25
Missing/Undefined,2000,1423,135960.6769999993,0.3
Missing/Undefined,2001,2560,119507.04300000083,0.2
Missing/Undefined,2002,2052,178977.41000000262,0.2
Missing/Undefined,2003,7539,317894.4779999889,1.0
Missing/Undefined,2004,6026,106500.5700000015,1.0
Missing/Undefined,2005,11927,387760.964989989,1.0
Missing/Undefined,2006,9569,1008450.293999964,1.25
Missing/Undefined,2007,15142,457665.51799000154,1.0
Missing/Undefined,2008,10048,608255.8650099919,1.0
Missing/Undefined,2009,9220,525634.4551569895,1.28
Missing/Undefined,2010,7458,198745.4420000061,1.0
Missing/Undefined,2011,13903,708718.9824999623,1.0
Missing/Undefined,2012,3735,374981.21000000014,0.3
Missing/Undefined,2013,4241,213355.7900000074,1.0
Missing/Undefined,2014,3701,568590.8099999554,0.1
Missing/Undefined,2015,6276,451393.8937000167,0.1
Powerline,1992,128,3181.099999999997,0.3
Powerline,1993,133,34541.999999999935,0.3
Powerline,1994,144,17243.39999999997,0.6499999999999999
Powerline,1995,154,28085.199999999935,0.7
Powerline,1996,166,66759.79999999993,1.0
Powerline,1997,180,63834.819999999956,0.2
Powerline,1998,371,7557.330000000019,0.3
Powerline,1999,364,104211.8600000003,0.3
Powerline,2000,351,19901.63099999984,0.3
Powerline,2001,364,5924.640000000026,0.25
Powerline,2002,312,16851.469999999914,0.2
Powerline,2003,268,14660.480000000025,0.3
Powerline,2004,191,990.9100000000016,0.2
Powerline,2005,313,13193.32000000004,0.5
Powerline,2006,344,59541.109999999906,1.0
Powerline,2007,390,59816.54999999983,1.0
Powerline,2008,295,61613.48999999993,1.0
Powerline,2009,1266,125318.21500000019,1.0
Powerline,2010,1434,39762.68999999986,1.0
Powerline,2011,2828,592459.4279999987,1.0
Powerline,2012,773,176264.2500000005,1.0
Powerline,2013,666,7544.117000000046,0.74
Powerline,2014,1433,38181.290999999655,1.0
Powerline,2015,1580,52003.75699999964,1.0
Railroad,1992,1999,38062.03999999978,2.0
Railroad,1993,1844,43204.84799999968,1.5
Railroad,1994,1965,41323.06999999965,1.5
Railroad,1995,2142,23561.539999999724,1.0
Railroad,1996,2896,64130.679999999265,1.5
Railroad,1997,2177,27992.49999999976,1.0
Railroad,1998,1873,70407.91999999982,1.0
Railroad,1999,2524,96900.74000000193,1.0
Railroad,2000,3143,161571.57000000318,1.0
Railroad,2001,2293,89416.21000000117,1.0
Railroad,2002,1900,24150.982999999906,1.0
Railroad,2003,612,5463.387380000014,0.6
Railroad,2004,719,6656.520000000024,0.5
Railroad,2005,768,18637.542000000034,0.7
Railroad,2006,1014,20529.930599999938,1.0
Railroad,2007,913,10485.760000000022,1.0
Railroad,2008,778,21145.76499999995,1.0
Railroad,2009,577,9309.319999999998,1.0
Railroad,2010,715,18452.01920000001,1.0
Railroad,2011,660,10698.810000000025,1.0
Railroad,2012,621,35448.489999999845,0.5
Railroad,2013,423,3487.2499999999914,0.52
Railroad,2014,529,5367.884999999992,0.7
Railroad,2015,370,3208.9899999999957,1.0
Smoking,1992,2618,52704.85799999924,0.5
Smoking,1993,2420,57012.00999999902,0.3
Smoking,1994,2628,58814.55299999916,0.32
Smoking,1995,2895,51976.17999999923,0.5
Smoking,1996,2454,43223.88999999941,0.5
Smoking,1997,1971,20826.08999999976,0.5
Smoking,1998,2406,15861.73000000021,0.5
Smoking,1999,3250,27964.31999999944,0.75
Smoking,2000,3047,92561.48000000228,1.0
Smoking,2001,3381,63641.30999999865,0.5
Smoking,2002,2535,37936.55021999895,0.4
Smoking,2003,1525,8996.520000000126,0.25
Smoking,2004,1589,13494.900000000172,0.3
Smoking,2005,2038,20272.867999999613,0.5
Smoking,2006,2737,76937.98500000144,0.98
Smoking,2007,2063,14055.094980000122,0.3
Smoking,2008,1848,22789.719999999514,0.5
Smoking,2009,1615,10809.687000000014,0.5
Smoking,2010,1827,6538.688999999997,0.25
Smoking,2011,1865,59776.730000000054,0.5
Smoking,2012,1629,64619.756999999445,0.3
Smoking,2013,1366,4623.309999999975,0.25
Smoking,2014,1278,8914.500000000171,0.25
Smoking,2015,1884,8307.790000000192,0.25
Structure,1992,47,474.10000000000036,0.1
Structure,1993,54,56.80000000000004,0.1
Structure,1994,67,35276.49999999996,0.2
Structure,1995,89,1192.4999999999989,0.1
Structure,1996,85,152.39999999999986,0.1
Structure,1997,116,173.4599999999999,0.125
Structure,1998,110,213.1199999999999,0.1
Structure,1999,130,241.12999999999994,0.1
Structure,2000,136,7121.460000000003,0.1
Structure,2001,145,1107.0599999999997,0.1
Structure,2002,171,208.96999999999957,0.1
Structure,2003,114,1465.4299999999996,0.1
Structure,2004,135,1630.2199999999982,0.1
Structure,2005,168,12899.220000000012,0.2
Structure,2006,83,197.72999999999973,0.1
Structure,2007,149,379.0200000000002,0.5
Structure,2008,93,182.18999999999983,0.1
Structure,2009,194,592.6200000000005,0.5
Structure,2010,257,8773.290000000015,0.5
Structure,2011,240,1060.8700000000008,0.5
Structure,2012,357,1535.3299999999947,0.5
Structure,2013,237,802.9600000000007,0.3
Structure,2014,284,24567.529999999944,0.5
Structure,2015,335,71885.48100000029,0.5
