state,year,fires,acres,median_size
AK,1992,481,142717.4000000011,0.2
AK,1993,861,687191.4999999922,0.2
AK,1994,640,261964.90000000162,0.2
AK,1995,418,43962.09999999973,0.1
AK,1996,718,598797.1999999923,0.1
AK,1997,721,2026204.500000026,0.2
AK,1998,408,120782.10000000127,0.1
AK,1999,482,1005843.6999899946,0.2
AK,2000,364,756379.1999999961,0.2
AK,2001,361,219924.70000000118,0.1
AK,2002,538,2186646.100000022,0.2
AK,2003,478,601674.0099999944,0.1
AK,2004,694,6591868.600189909,0.3
AK,2005,619,4635898.651999946,1.0
AK,2006,301,254513.80000000077,0.1
AK,2007,513,634466.100019996,0.5
AK,2008,369,92477.6000000008,0.2
AK,2009,513,2949593.970000016,0.3
AK,2010,691,1137532.6699999992,0.5
AK,2011,508,293004.09999999986,0.1
AK,2012,409,300586.9999999962,0.3
AK,2013,592,1320759.3000000212,0.2
AK,2014,393,233601.2800000013,0.1
AK,2015,771,5136703.75999993,2.0
AL,1992,93,1253.2,4.0
AL,1993,137,2336.7999999999997,3.0
AL,1994,3452,34664.399999999834,3.0
AL,1995,4230,38896.59999999985,2.0
AL,1996,4048,47683.199999999684,3.0
AL,1997,2591,22055.400000000016,2.0
AL,1998,3566,35560.59999999978,2.6500000000000004
AL,1999,4501,52548.199999999386,2.7
AL,2000,6264,88267.39999999992,3.0
AL,2001,3309,39095.09999999971,3.0
AL,2002,2926,38695.99999999981,3.0
AL,2003,1824,20772.47000000002,4.0
AL,2004,3054,46886.83999999978,5.0
AL,2005,2547,43207.969999999856,5.0
AL,2006,3947,79549.12000000004,5.0
AL,2007,3833,56785.18999999967,3.0
AL,2008,2012,23296.29,3.0
AL,2009,1372,24927.739999999976,5.0
AL,2010,2913,42078.46999999978,4.0
AL,2011,2042,54097.17999999992,5.0
AL,2012,1747,29156.46,3.0
AL,2013,1670,29935.409999999665,3.0
AL,2014,2418,37961.50499999914,2.0
AL,2015,2074,30833.709999999443,2.0
AR,1992,128,1478.4999999999995,4.0
AR,1993,151,1760.1999999999994,2.0
AR,1994,167,2303.8999999999965,2.0
AR,1995,240,5190.400000000001,2.5
AR,1996,224,5286.800000000001,3.0
AR,1997,1040,11442.400000000001,3.0
AR,1998,1156,13023.099999999999,2.0
AR,1999,2224,24032.300000000003,3.0
AR,2000,2363,29052.499999999993,3.0
AR,2001,1266,14451.800000000001,3.0
AR,2002,1001,13648.999999999998,3.0
AR,2003,1664,25986.17,3.0
AR,2004,1364,23646.469999999987,4.0
AR,2005,2296,40433.29001,3.0
AR,2006,2571,67939.80999999997,4.0
AR,2007,1301,25684.420000000002,4.0
AR,2008,883,11199.43,3.0
AR,2009,1076,17775.739999999998,5.0
AR,2010,2220,34754.71,3.0
AR,2011,2546,47899.689999999864,3.0
AR,2012,2351,38848.490000000005,3.0
AR,2013,847,13298.689999999999,3.0
AR,2014,1295,21041.61,4.0
AR,2015,1289,18732.410000000007,3.0
AZ,1992,3494,42593.6499999995,0.2
AZ,1993,4639,205567.02000000264,0.5
AZ,1994,4519,224199.73500000825,0.25
AZ,1995,4502,262152.83000000444,0.5
AZ,1996,3761,187400.56500000745,0.1
AZ,1997,2250,13356.90000000009,0.1
AZ,1998,2679,27378.800000000283,0.2
AZ,1999,2736,73799.00000000092,0.1
AZ,2000,3859,92910.30000000069,0.1
AZ,2001,3186,35816.73999999977,0.2
AZ,2002,2918,629739.4399999816,0.2
AZ,2003,2916,200010.82000000557,0.1
AZ,2004,2843,229629.73000000813,0.1
AZ,2005,3690,902867.189989993,0.3
AZ,2006,3319,181533.9800000063,0.1
AZ,2007,2443,115188.73000000096,0.1
AZ,2008,1898,113915.38000000309,0.1
AZ,2009,2333,222065.2800000023,0.2
AZ,2010,1617,87723.82000000216,0.1
AZ,2011,1912,1037769.1099999786,0.16
AZ,2012,1760,228818.6000000028,0.2
AZ,2013,1665,103252.88000000038,0.1
AZ,2014,2828,203176.16400001067,0.1
AZ,2015,3819,155814.27000001594,0.1
CA,1992,10833,296439.7999999843,0.2
CA,1993,8270,321495.2999999602,0.3
CA,1994,8654,407944.69999995595,0.3
CA,1995,7381,216068.70000001232,0.3
CA,1996,9173,707110.4999999529,0.3
CA,1997,7930,324566.2999999717,0.2
CA,1998,6864,160013.1000000104,0.2
CA,1999,8910,804123.3999999213,0.2
CA,2000,6977,252676.00000001214,0.2
CA,2001,8182,350176.6999999686,0.2
CA,2002,7133,514942.6999999457,0.2
CA,2003,7913,1031965.0499999482,0.2
CA,2004,7418,301095.9699999958,0.2
CA,2005,6678,258714.8700000075,0.25
CA,2006,8271,812711.9399999416,0.26
CA,2007,10151,1045291.6199999333,0.3
CA,2008,7744,1430153.6000001447,1.0
CA,2009,6940,455350.0399999742,0.3
CA,2010,5776,120947.04000000127,0.3
CA,2011,8562,192286.9200000089,0.25
CA,2012,7208,764766.6399999689,0.25
CA,2013,8723,581410.291999956,0.25
CA,2014,6494,546878.7799999516,0.1
CA,2015,7365,848728.6099999709,0.1
CO,1992,1322,7451.900000000051,0.1
CO,1993,1244,35555.299999999355,0.1
CO,1994,2515,70760.59999999957,0.1
CO,1995,1517,20043.700000000084,0.1
CO,1996,1405,70040.49999999935,0.1
CO,1997,722,6038.200000000063,0.1
CO,1998,765,8379.200000000073,0.1
CO,1999,756,20313.899999999874,0.1
CO,2000,1619,115784.30000000245,0.1
CO,2001,1266,23005.700000000168,0.1
CO,2002,1221,476441.74999998877,0.1
CO,2003,2422,45611.90999999905,0.1
CO,2004,1310,33795.279999999686,0.1
CO,2005,1875,39413.53999999849,0.1
CO,2006,1316,45893.759999999515,0.1
CO,2007,1070,14026.050000000067,0.1
CO,2008,1015,112023.63000000129,0.1
CO,2009,952,37723.95999999961,0.1
CO,2010,2694,51895.05999999773,0.1
CO,2011,957,127220.56999999919,0.1
CO,2012,1106,271263.3900000035,0.1
CO,2013,3894,162130.23000001776,0.1
CO,2014,603,24694.309999999663,0.1
CO,2015,591,22802.35000000006,0.1
CT,1992,202,466.0500000000006,0.2
CT,1993,103,401.1,1.5
CT,1994,290,943.1500000000029,0.2
CT,1995,110,427.4000000000001,1.5
CT,1996,27,66.45,1.0
CT,1997,83,600.35,0.5
CT,1998,30,131.89999999999998,2.0
CT,1999,297,1672.46,1.0
CT,2000,126,492.3000000000001,0.25
CT,2001,207,745.1,0.5
CT,2002,107,188.65999999999994,0.5
CT,2003,95,136.99999999999994,0.4
CT,2004,87,73.24999999999991,0.1
CT,2005,293,254.74999999999935,0.2
CT,2006,372,433.5000000000011,0.5
CT,2007,331,281.05,0.1
CT,2008,366,2055.7999999999897,0.2
CT,2009,257,244.82999999999947,0.2
CT,2010,418,456.03000000000054,0.2
CT,2011,227,237.3799999999995,0.5
CT,2012,576,517.3000000000059,0.1
CT,2015,372,417.50000000000114,0.25
DC,1992,3,0.4,0.1
DC,1993,7,9.799999999999999,0.7
DC,1994,4,5.1000000000000005,0.15000000000000002
DC,1995,5,0.6,0.1
DC,1997,3,0.30000000000000004,0.1
DC,1998,13,4.3999999999999995,0.1
DC,1999,8,2.1,0.1
DC,2001,1,0.1,0.1
DC,2002,1,1.0,1.0
DC,2005,2,0.2,0.1
DC,2006,3,0.5,0.1
DC,2007,1,0.2,0.2
DC,2008,1,0.1,0.1
DC,2009,1,0.5,0.5
DC,2010,1,0.1,0.1
DC,2011,2,0.2,0.1
DC,2012,5,4.4,0.8
DC,2013,1,0.1,0.1
DC,2014,1,0.2,0.2
DC,2015,3,2.2,0.1
DE,1992,3,124.0,3.0
DE,1993,1,1.0,1.0
DE,1994,2,96.0,48.0
DE,1995,5,2014.3999999999999,0.2
DE,1997,5,24.6,3.0
DE,1999,2,507.0,253.5
DE,2000,1,65.0,65.0
DE,2001,1,10.5,10.5
DE,2002,39,1270.0999999999979,0.1
DE,2003,21,265.30000000000007,0.1
DE,2004,27,140.69999999999996,0.5
DE,2005,14,167.39999999999995,0.1
DE,2007,2,0.2,0.1
DE,2010,1,3.0,3.0
DE,2012,19,39.85,1.5
DE,2013,9,20.35,0.75
DE,2014,3,5.0,1.5
DE,2015,16,79.25,1.5
FL,1992,4222,95279.70000000055,2.0
FL,1993,4548,79755.1999999999,2.0
FL,1994,3530,103085.4000000009,2.0
FL,1995,3186,56682.699999999306,2.0
FL,1996,4697,107511.50000000147,2.0
FL,1997,3912,133163.9000000006,2.0
FL,1998,4813,377720.499999987,1.5
FL,1999,5484,413349.9999999807,1.5
FL,2000,6499,242653.100000008,1.5
FL,2001,4887,411721.5000000001,1.5
FL,2002,3131,61954.899999999594,1.2
FL,2003,2150,46815.519999999866,1.5
FL,2004,3618,204330.82000000356,1.5
FL,2005,2395,39694.469999999645,1.5
FL,2006,5115,253574.13998000257,1.5
FL,2007,4589,546923.2899699893,1.5
FL,2008,3105,184492.35989000252,1.1
FL,2009,3016,144533.74001000184,2.0
FL,2010,2373,62874.19999999949,1.0
FL,2011,5029,331175.7999999896,1.5
FL,2012,3107,138965.24000000342,1.5
FL,2013,2163,77107.23000000161,1.5
FL,2014,2144,156386.41000000114,1.4
FL,2015,2548,166996.54,2.0
GA,1992,6459,27016.36999999998,1.04
GA,1993,9111,40515.5899999997,0.83
GA,1994,6584,25013.88999999974,0.88
GA,1995,7968,24460.519999999662,0.68
GA,1996,9872,37975.89000000003,0.81
GA,1997,7234,21908.13999999957,0.64
GA,1998,7301,45909.779999998835,0.6
GA,1999,11138,73111.9999999983,0.8
GA,2000,10549,63571.139999999796,0.8
GA,2001,9572,53335.00999999951,0.8
GA,2002,7804,166894.8200000002,0.95
GA,2003,4567,11517.380000000127,0.52
GA,2004,8127,35208.7299599996,0.78
GA,2005,6049,19453.990000000085,0.7
GA,2006,8925,37917.18000999961,0.77
GA,2007,8717,327460.01012999844,0.75
GA,2008,5807,25892.219979999925,0.75
GA,2009,4176,17790.829980000017,0.75
GA,2010,5874,23388.359999999877,0.625
GA,2011,8414,437909.5899999926,1.03
GA,2012,4949,25434.619999999708,0.9
GA,2013,3252,14667.350000000139,1.0
GA,2014,4063,22215.869999999995,1.07
GA,2015,2355,11389.900000000103,1.0
HI,1992,77,11161.300000000005,10.0
HI,1993,14,2562.0,0.1
HI,1994,9,78.6,0.1
HI,1995,10,1027.5,2.55
HI,1996,8,380.30000000000007,5.0
HI,1997,12,52.00000000000001,0.1
HI,1998,26,31675.2,125.0
HI,1999,9,15129.5,0.1
HI,2000,13,5669.6,5.0
HI,2001,566,2352.1499999999733,0.1
HI,2002,576,7013.700000000118,0.1
HI,2003,941,24297.599999999275,0.1
HI,2004,687,3901.299999999966,0.1
HI,2005,1242,45629.60000000021,0.1
HI,2006,789,13496.150000000154,0.1
HI,2007,964,39675.15000000007,0.1
HI,2008,769,6128.640000000023,0.1
HI,2009,816,11802.400000000052,0.1
HI,2010,984,15212.820000000165,0.1
HI,2011,603,4929.580000000039,0.1
HI,2012,714,4987.710000000098,0.1
HI,2013,60,761.4000000000001,0.1
HI,2014,2,0.2,0.1
HI,2015,4,4836.6,476.0
IA,1992,5,85.3,3.0
IA,1993,6,30.700000000000003,2.75
IA,1994,5,105.4,10.0
IA,1995,6,57.4,4.2
IA,1996,28,1026.4,5.75
IA,1997,10,93.0,2.0
IA,1998,3,70.0,10.0
IA,1999,20,435.6,5.0
IA,2000,19,1734.7,12.0
IA,2001,10,85.0,2.0
IA,2002,51,267.0,1.0
IA,2003,50,3333.0,2.0
IA,2004,50,1110.4999999999998,2.1
IA,2005,34,6502.1,1.5
IA,2006,442,5371.030000000001,2.0
IA,2007,143,841.5629999999999,1.0
IA,2008,151,1688.4599999999998,2.0
IA,2009,702,7948.952000000003,2.0
IA,2010,199,2404.941999999999,2.0
IA,2011,439,7461.4325000000035,3.0
IA,2012,458,3985.011000000002,2.0
IA,2013,243,2417.32,2.0
IA,2014,543,10522.875000000002,3.0
IA,2015,517,13914.2781,4.67
ID,1992,2195,684658.8999999885,0.1
ID,1993,698,7978.200000000057,0.1
ID,1994,3336,729029.5999999805,0.2
ID,1995,1433,268681.29999999714,0.1
ID,1996,1974,896659.899999995,0.2
ID,1997,1130,42902.39999999971,0.1
ID,1998,1758,151299.30000000144,0.1
ID,1999,1916,416185.81999999343,0.2
ID,2000,1749,1350786.4800000149,0.25
ID,2001,1683,192801.62000000157,0.2
ID,2002,1511,86211.15000000113,0.1
ID,2003,1657,336103.20999999513,0.2
ID,2004,1138,19021.799999999756,0.1
ID,2005,1144,648906.4799999987,0.5
ID,2006,1888,910786.4709999938,0.25
ID,2007,1589,2184656.240000024,0.5
ID,2008,986,175190.3600000013,0.2
ID,2009,1198,23907.909999999734,0.1
ID,2010,1150,643868.1599999997,0.25
ID,2011,1318,409349.0499999986,0.25
ID,2012,1189,1775106.3900000139,1.0
ID,2013,1566,740325.4999999921,0.25
ID,2014,1215,198892.5700000004,0.2
ID,2015,1277,791026.109999994,0.25
IL,1992,18,235.39999999999998,5.5
IL,1993,5,29.800000000000004,1.6
IL,1994,27,383.7,3.6
IL,1995,47,993.2000000000002,6.0
IL,1996,21,149.8,2.0
IL,1997,10,13.7,0.55
IL,1998,22,165.29999999999998,2.0
IL,1999,53,497.19999999999993,1.4
IL,2000,29,597.2,15.0
IL,2001,45,531.1000000000001,2.0
IL,2002,43,100.79999999999997,1.0
IL,2003,48,1596.95,2.0
IL,2004,88,875.6100000000002,1.05
IL,2005,62,980.5500000000002,0.5
IL,2006,34,273.2,1.0
IL,2007,99,830.9000000000001,2.0
IL,2008,197,939.8900000000009,1.0
IL,2009,347,3263.3999999999955,1.0
IL,2010,452,2608.5499999999934,1.0
IL,2011,136,2223.53,1.0
IL,2012,167,1356.1500000000005,1.0
IL,2013,44,148.02,1.0
IL,2014,227,2422.0649999999996,1.0
IL,2015,106,1591.4999999999995,2.0
IN,1992,95,247.29999999999978,0.2
IN,1993,56,464.30000000000047,0.1
IN,1994,85,577.9000000000009,0.1
IN,1995,101,881.4000000000008,0.2
IN,1996,88,495.0000000000011,0.1
IN,1997,36,82.99999999999991,0.1
IN,1998,57,174.9999999999998,0.2
IN,1999,151,764.2000000000013,0.3
IN,2000,92,707.9000000000004,1.0
IN,2001,140,1167.6,1.0
IN,2002,123,766.2000000000007,1.0
IN,2003,155,1423.9999999999973,1.0
IN,2004,193,785.7100000000012,0.5
IN,2005,173,575.5000000000015,0.3
IN,2006,86,987.3499999999997,0.2
IN,2007,127,2109.0099999999998,1.0
IN,2008,67,143.39999999999998,0.5
IN,2009,45,109.09999999999991,0.8
IN,2010,73,1570.0999999999997,0.5
IN,2011,26,699.5,2.0
IN,2012,57,1042.2,1.0
IN,2013,20,741.2,0.5
IN,2014,36,132.21999999999994,1.3399999999999999
IN,2015,16,673.8000000000001,6.55
KS,1992,16,251.59999999999997,3.5
KS,1993,14,1809.3,11.0
KS,1994,47,84460.1,12.5
KS,1995,30,4537.9,1.25
KS,1996,30,147570.4,115.0
KS,1997,22,11410.400000000001,3.0
KS,1998,31,5207.1,43.5
KS,1999,36,6531.599999999999,41.7
KS,2000,48,9219.8,12.5
KS,2001,69,2662.2999999999997,6.0
KS,2002,128,65544.0,4.5
KS,2003,113,8034.199999999998,2.0
KS,2004,76,1679.7000000000005,1.0
KS,2005,175,22922.500000000007,2.0
KS,2006,348,79170.40000000002,1.0
KS,2007,196,16736.709999999995,1.0
KS,2008,94,74248.2,3.0
KS,2009,71,38965.2,177.0
KS,2010,40,25108.809999999998,335.0
KS,2011,56,91610.10999999999,63.5
KS,2012,73,57330.13,75.0
KS,2013,14,6867.0,9.0
KS,2014,59,36525.8,191.0
KS,2015,5887,124210.54099999393,1.0
KY,1992,49,604.4999999999999,4.0
KY,1993,81,843.1,3.0
KY,1994,178,4660.599999999999,6.0
KY,1995,180,5863.6,4.0
KY,1996,72,1117.8000000000002,3.0
KY,1997,675,11612.7,4.0
KY,1998,957,24966.3,5.0
KY,1999,1879,125633.8,6.0
KY,2000,1587,136220.60000000003,10.0
KY,2001,2061,175179.4000000002,10.0
KY,2002,1050,25857.4,4.0
KY,2003,956,19848.79999999998,4.0
KY,2004,1238,22712.54999999998,3.0
KY,2005,1766,56442.93499999991,4.0
KY,2006,1884,53632.31999999993,5.0
KY,2007,2081,65614.22,5.0
KY,2008,1563,38915.15,5.0
KY,2009,1419,43494.91,5.0
KY,2010,1913,60209.45,5.0
KY,2011,1032,23874.23,5.0
KY,2012,1263,32630.52999999993,4.5
KY,2013,1003,22989.019999999997,5.0
KY,2014,1446,42286.849996,7.0
KY,2015,756,19680.019999999997,5.0
LA,1992,87,25129.1,8.0
LA,1993,127,8066.799999999999,3.4
LA,1994,111,2520.6000000000004,2.0
LA,1995,139,7277.900000000001,5.0
LA,1996,157,8254.100000000004,8.0
LA,1997,1361,21648.999999999876,3.0
LA,1998,2283,34126.19999999974,3.0
LA,1999,2788,37622.999999999556,3.0
LA,2000,4234,91109.50000000102,3.0
LA,2001,976,26577.09999999978,2.0
LA,2002,1481,24685.2999999999,3.0
LA,2003,94,17359.799999999996,2.5
LA,2004,78,15114.500000000002,5.5
LA,2005,3384,66385.102,3.0
LA,2006,3131,41984.0,3.0
LA,2007,63,772.0000000000001,2.0
LA,2008,1438,24321.527319999983,2.5
LA,2009,1542,35312.32515699995,2.0
LA,2010,2419,43732.99989999996,2.2
LA,2011,217,37838.909999999996,5.0
LA,2012,877,10519.220000000005,1.9
LA,2013,1075,22754.530199999994,2.52
LA,2014,876,37582.744700000054,2.80725
LA,2015,1075,20327.6537,2.36
MA,1992,7,5.4,0.1
MA,1993,4,1.5,0.3
MA,1994,1,0.1,0.1
MA,1995,15,8.7,0.2
MA,1996,4,2.2,0.30000000000000004
MA,1997,11,5.3999999999999995,0.1
MA,1998,1,3.0,3.0
MA,1999,7,1.5,0.2
MA,2000,3,5.8,1.0
MA,2001,17,269.3,1.0
MA,2002,115,512.0999999999999,0.8
MA,2003,75,393.0,0.5
MA,2004,69,197.8,1.0
MA,2005,30,830.7,0.5
MA,2006,31,23.20000000000001,0.5
MA,2007,34,205.4,0.3
MA,2008,12,848.5,0.5
MA,2009,1,1.0,1.0
MA,2010,3,322.2,1.0
MA,2012,5,2.9000000000000004,0.5
MA,2013,5,17.6,0.8
MA,2014,6,373.2,13.5
MA,2015,2170,2094.229999999995,0.25
MD,1992,12,1160.3,70.0
MD,1993,11,1672.9,200.0
MD,1994,16,786.9000000000001,14.0
MD,1995,32,1304.3999999999999,3.5
MD,1996,17,312.1,10.0
MD,1997,19,181.69999999999996,5.0
MD,1998,17,544.0,5.0
MD,1999,34,1625.6999999999991,1.25
MD,2000,14,209.7,11.0
MD,2001,22,5879.1,30.0
MD,2002,14,1786.1,20.0
MD,2003,5,1373.1,80.0
MD,2004,21,6338.500000000001,200.0
MD,2005,417,4033.899999999984,0.2
MD,2006,718,6832.500000000097,0.2
MD,2007,598,7314.800000000088,0.2
MD,2008,530,2794.09999999998,0.2
MD,2009,261,4606.900000000034,0.2
MD,2010,168,3580.5999999999985,0.5
MD,2011,133,10247.38000000001,1.2
MD,2012,163,1439.8999999999999,0.6
MD,2013,127,429.8500000000004,0.5
MD,2014,123,1781.0999999999983,0.5
MD,2015,150,1044.0000000000007,0.4
ME,1992,611,4399.300000000015,0.5
ME,1993,672,1413.149999999994,0.3
ME,1994,541,2012.6899999999907,0.3
ME,1995,963,1137.0800000000004,0.2
ME,1996,315,403.34999999999985,0.2
ME,1997,585,896.7700000000043,0.3
ME,1998,580,1547.819999999991,0.25
ME,1999,681,1061.2700000000036,0.25
ME,2000,346,445.9800000000013,0.25
ME,2001,963,2243.539999999978,0.25
ME,2002,664,784.0500000000043,0.1
ME,2003,624,858.400000000003,0.25
ME,2004,467,803.7100000000021,0.2
ME,2005,472,724.7400000000027,0.25
ME,2006,623,1841.3499999999888,0.25
ME,2007,481,496.73000000000127,0.2
ME,2008,466,549.6300000000018,0.2
ME,2009,483,474.7800000000001,0.2
ME,2010,505,296.78999999999996,0.2
ME,2011,365,167.68999999999943,0.1
ME,2012,560,469.85000000000065,0.175
ME,2013,444,717.220000000001,0.25
ME,2014,333,218.9699999999996,0.15
ME,2015,406,590.7800000000008,0.2
MI,1992,614,2987.3999999999883,1.0
MI,1993,262,1008.0000000000007,1.0
MI,1994,644,6704.199999999998,1.5
MI,1995,627,4872.299999999998,1.0
MI,1996,386,2921.699999999996,1.0
MI,1997,118,552.1000000000004,1.0
MI,1998,170,3958.999999999999,1.0
MI,1999,150,10031.099999999999,1.0
MI,2000,115,6010.900000000004,1.0
MI,2001,424,1463.2490000000007,0.8
MI,2002,308,967.4000000000011,1.0
MI,2003,750,7065.059000000009,1.5
MI,2004,467,2745.1299999999947,0.9
MI,2005,641,4517.812,1.0
MI,2006,534,7831.170000000029,1.0
MI,2007,516,23095.203999999867,0.75
MI,2008,444,2612.9199999999946,0.75
MI,2009,486,3209.4299999999944,0.7
MI,2010,584,12051.410000000038,0.6
MI,2011,309,1832.4799999999993,0.5
MI,2012,711,28326.68999999995,0.5
MI,2013,455,977.2200000000015,0.5
MI,2014,264,672.0700000000004,0.3
MI,2015,523,3815.489999999998,0.86
MN,1992,1620,30182.12999999979,1.0
MN,1993,1363,19087.709999999937,1.0
MN,1994,1904,37150.31999999963,1.0
MN,1995,1731,46067.30999999975,1.0
MN,1996,1752,29633.939999999726,1.0
MN,1997,2528,20708.739999999903,0.8
MN,1998,2474,49139.65000999973,0.7
MN,1999,2113,32858.85999999972,1.0
MN,2000,2631,69170.16999999952,1.0
MN,2001,1327,23136.319999999698,0.5
MN,2002,2039,64357.78999999938,0.5
MN,2003,3297,156764.7200000031,1.0
MN,2004,1989,45646.94999999974,0.75
MN,2005,1728,22455.769999999884,0.5
MN,2006,2507,72405.9099999995,0.5
MN,2007,1787,164404.5600000034,0.5
MN,2008,1165,21197.019999999833,0.5
MN,2009,1233,11715.910000000078,0.5
MN,2010,2075,35680.33999999948,0.5
MN,2011,1235,139066.68000000168,0.5
MN,2012,2295,64901.039999999644,0.5
MN,2013,1132,21936.469999999954,0.5
MN,2014,1006,3984.6399999999794,0.4
MN,2015,1838,28952.46999999981,0.5
MO,1992,1680,28716.0,4.0
MO,1993,907,14997.3,4.0
MO,1994,1607,36249.399999999994,5.0
MO,1995,2060,50196.40000000001,5.0
MO,1996,443,8538.300000000003,3.0
MO,1997,1314,23939.7,4.0
MO,1998,521,10981.8,5.0
MO,1999,1204,35498.9,5.0
MO,2000,673,17234.300000000003,5.0
MO,2001,884,17079.1,4.0
MO,2002,670,20534.699999999997,5.0
MO,2003,340,3276.019999999994,1.0
MO,2004,307,8217.490000000013,3.0
MO,2005,413,18188.81000000001,3.0
MO,2006,442,24299.160000000025,2.0
MO,2007,523,14246.450000000064,1.0
MO,2008,136,5933.759999999998,1.0
MO,2009,239,17994.880000000005,10.5
MO,2010,196,14471.500000000004,7.51
MO,2011,740,31844.549999999996,2.0
MO,2012,221,18722.500000000007,8.0
MO,2013,413,3885.1799999999994,1.0
MO,2014,1251,22455.800000000007,2.0
MO,2015,769,12023.741000000013,2.0
MS,1992,4478,60830.1,4.0
MS,1993,4015,54108.299999999996,4.0
MS,1994,3356,54478.5,4.0
MS,1995,4992,68013.8,4.0
MS,1996,4923,101707.7,5.0
MS,1997,2783,32355.600000000002,4.0
MS,1998,3424,39658.8,4.0
MS,1999,5436,66126.9,3.75
MS,2000,7984,53459.199999994,0.1
MS,2001,2888,32258.899999999536,2.0
MS,2002,2832,34410.29999999983,3.0
MS,2003,1913,24744.249999999996,5.0
MS,2004,2812,41803.419999999984,5.0
MS,2005,3520,55601.200000000004,4.0
MS,2006,5533,131124.75,5.0
MS,2007,2767,52528.630000000005,5.0
MS,2008,2016,36347.34000000002,4.0
MS,2009,1966,27004.35,4.0
MS,2010,2926,36547.72000000001,3.0
MS,2011,1614,29025.64000000001,4.0
MS,2012,1218,12723.3,3.0
MS,2013,1488,22015.900000000012,3.0
MS,2014,2224,33235.6,4.0
MS,2015,2122,35373.6,4.0
MT,1992,1642,38591.72000000031,0.2
MT,1993,743,12598.41000000003,0.1
MT,1994,2984,265689.35000000516,0.2
MT,1995,1052,25183.949999999746,0.2
MT,1996,1993,208840.45000000126,0.3
MT,1997,993,11343.13000000005,0.2
MT,1998,1909,101357.26999999977,0.2
MT,1999,2089,117459.34000000029,0.12
MT,2000,2428,822860.3099999849,0.3
MT,2001,1603,162549.19000000285,0.2
MT,2002,1597,126100.33000000147,0.1
MT,2003,2471,748396.3101799844,0.1
MT,2004,1503,22868.069999999832,0.1
MT,2005,1497,114587.86000000157,0.1
MT,2006,2460,866652.0599999831,0.12
MT,2007,1997,744542.8599999913,0.12
MT,2008,1532,169869.3000000007,0.1
MT,2009,1662,53706.389999999556,0.1
MT,2010,1140,57476.0999999996,0.1
MT,2011,1190,139286.18000000293,0.1
MT,2012,1854,1007209.5799999975,0.25
MT,2013,1359,77404.18000000062,0.1
MT,2014,1203,34919.91999999994,0.1
MT,2015,1866,350033.86,0.2
NC,1992,5696,27489.09999999935,1.0
NC,1993,4808,26461.199999999168,1.0
NC,1994,5739,44936.19999999707,1.0
NC,1995,5253,23404.299999999126,1.0
NC,1996,4238,17358.00000000014,0.8
NC,1997,4512,17411.999999999745,0.5
NC,1998,4324,16913.399999999954,0.8
NC,1999,4041,25060.59999999922,0.5
NC,2000,4987,38848.99999999833,0.5
NC,2001,8143,44664.39999999736,0.5
NC,2002,5590,29621.999999999414,0.7
NC,2003,2041,8103.100000000119,0.5
NC,2004,4343,16701.600000000348,0.5
NC,2005,4045,16156.350010000278,0.5
NC,2006,5059,23369.94999000007,0.5
NC,2007,7284,50416.79999999754,0.5
NC,2008,4382,82255.65001000269,0.5
NC,2009,3319,19358.149999999972,0.5
NC,2010,4100,16987.300000000283,0.5
NC,2011,5427,109498.77999999809,0.5
NC,2012,3559,35318.74999999835,0.3
NC,2013,3329,14148.700000000443,0.4
NC,2014,4587,14991.400000000389,0.3
NC,2015,2471,11044.730000000225,0.25
ND,1992,396,6373.9,1.8
ND,1993,386,3923.899999999998,1.5
ND,1994,501,11743.300000000005,1.0
ND,1995,272,2047.5999999999992,1.0
ND,1996,527,4801.8,1.0
ND,1997,453,6203.799999999997,1.0
ND,1998,492,7760.100000000018,1.0
ND,1999,506,70997.59999999999,1.0
ND,2000,627,18171.70000000002,1.0
ND,2001,553,6567.300000000005,1.0
ND,2002,907,52819.59999999988,1.0
ND,2003,835,22500.900000000005,1.0
ND,2004,819,18249.89000000002,1.0
ND,2005,903,18726.10000000001,1.0
ND,2006,1061,23708.350000000017,1.0
ND,2007,865,18860.900000000045,1.0
ND,2008,723,29906.050000000032,1.0
ND,2009,415,3314.159999999994,1.0
ND,2010,435,3754.7999999999947,1.0
ND,2011,373,4049.379999999993,1.0
ND,2012,1098,41722.89000000006,1.0
ND,2013,541,6693.689999999999,1.0
ND,2014,510,3915.44999999999,1.0
ND,2015,1003,25794.07000000003,1.0
NE,1992,25,1227.1,1.5
NE,1993,17,173.49999999999997,3.7
NE,1994,80,6869.499999999999,5.0
NE,1995,56,55757.8,16.5
NE,1996,59,8278.3,3.0
NE,1997,57,18129.500000000007,1.0
NE,1998,43,14110.1,5.0
NE,1999,75,118550.5,5.0
NE,2000,114,116094.00100000003,10.0
NE,2001,77,2473.551999999999,1.0
NE,2002,183,10095.060000000003,6.0
NE,2003,161,3316.35,1.0
NE,2004,169,3652.0700000000006,3.0
NE,2005,177,6481.120000000004,2.6
NE,2006,122,89062.50499999998,2.0
NE,2007,822,20698.8245,1.0
NE,2008,611,7784.820200000037,1.0
NE,2009,715,11186.551000000029,1.0
NE,2010,610,23333.68999999995,1.0
NE,2011,832,39060.63199999978,1.0
NE,2012,1223,336108.35899999936,1.5
NE,2013,423,10547.091000000035,1.0
NE,2014,723,20213.032199999954,1.0
NE,2015,599,44194.79999999992,1.5
NH,1992,107,164.67100000000002,1.0
NH,1993,142,166.66300000000004,0.75
NH,1994,133,207.23399999999998,1.0
NH,1995,195,309.04200000000003,0.75
NH,1996,83,95.73400000000001,0.5
NH,1997,85,108.16999999999999,0.5
NH,1998,171,257.02,0.75
NH,1999,5,16.2,0.2
NH,2000,87,132.26,1.0
NH,2001,124,152.81,0.51
NH,2002,116,158.75000000000003,0.75
NH,2003,56,89.55,1.0
NH,2004,70,232.38,0.75
NH,2005,88,114.72999999999999,0.75
NH,2006,111,291.239,0.69
NH,2007,95,145.49,0.5
NH,2008,102,185.07000000000005,1.0
NH,2009,68,121.785,1.0
NH,2010,98,52.04300000000001,0.1
NH,2011,4,4.45,1.0
NH,2012,100,101.05999999999999,0.5
NH,2013,147,85.52,0.25
NH,2014,125,78.46600000000001,0.025
NH,2015,140,591.67,0.03
NJ,1992,1325,16603.65,0.25
NJ,1993,842,922.7,0.25
NJ,1994,1326,2725.85,0.25
NJ,1995,1817,22962.145999999997,0.25
NJ,1996,768,929.6,0.25
NJ,1997,1383,4767.8,0.25
NJ,1998,1312,1320.44,0.25
NJ,1999,1758,16030.3,0.25
NJ,2000,972,2016.5,0.25
NJ,2001,1571,4410.2,0.25
NJ,2002,1419,5791.75,0.25
NJ,2003,674,926.25,0.25
NJ,2004,819,481.55,0.25
NJ,2005,996,1346.25,0.25
NJ,2006,1352,2507.25,0.25
NJ,2007,1097,20614.6,0.25
NJ,2008,1152,3251.95,0.25
NJ,2009,614,568.25,0.25
NJ,2010,1010,6757.8,0.25
NJ,2011,272,149.25,0.25
NJ,2012,1029,3122.05,0.25
NJ,2013,872,1412.3,0.25
NJ,2014,799,9804.3,0.25
NJ,2015,770,2540.8,0.25
NM,1992,977,99202.44999999988,0.5
NM,1993,1809,302344.0400000018,1.0
NM,1994,2668,416646.7200000003,1.0
NM,1995,1665,139862.3500000026,0.5
NM,1996,2101,171645.96000000142,0.5
NM,1997,1380,169966.50000000017,0.5
NM,1998,1294,97959.55999999982,0.5
NM,1999,1231,82559.04000000011,0.3
NM,2000,2794,516743.4589999984,0.5
NM,2001,1701,70558.31000000003,0.3
NM,2002,2077,321166.16999999934,0.25
NM,2003,1969,213203.17500000322,0.2
NM,2004,1229,91896.73000000218,0.1
NM,2005,1582,179194.53500000256,0.25
NM,2006,1996,546954.1020000002,0.25
NM,2007,1428,144285.17000999989,0.3
NM,2008,864,365494.5400000015,0.3
NM,2009,1448,423159.0799999986,0.5
NM,2010,1145,131088.17000000115,0.5
NM,2011,2197,1143943.7199999972,0.8
NM,2012,1174,370998.81999999983,0.25
NM,2013,1078,285066.0499999905,0.1
NM,2014,893,43976.15999999966,0.2
NM,2015,778,52126.94999999957,0.25
NV,1992,556,92345.80000000066,0.1
NV,1993,443,53979.8999999999,0.2
NV,1994,710,196057.80000000104,0.2
NV,1995,545,120031.40000000047,0.3
NV,1996,1088,627483.9999999937,0.3
NV,1997,595,41857.39999999996,0.1
NV,1998,638,91363.70000000001,0.1
NV,1999,1047,1773486.6000000169,0.3
NV,2000,977,651614.1999999953,0.2
NV,2001,1118,598503.4999999928,0.2
NV,2002,649,53177.199999999786,0.1
NV,2003,664,17385.95000000005,0.1
NV,2004,776,41767.099999999686,0.1
NV,2005,749,1102037.050000004,0.5
NV,2006,1049,1328663.6900000165,1.0
NV,2007,698,946541.2999999949,0.3
NV,2008,447,79277.23000000106,0.1
NV,2009,570,28678.979999999574,0.1
NV,2010,353,19970.15,0.1
NV,2011,721,422953.14999999636,0.25
NV,2012,838,455326.1699999941,0.25
NV,2013,657,180004.85000000164,0.1
NV,2014,542,69902.34000000094,0.1
NV,2015,526,23445.87999999973,0.1
NY,1992,364,2334.4,1.0
NY,1993,304,1126.3000000000002,1.0
NY,1994,129,1154.6,1.0
NY,1995,487,9167.45,1.0
NY,1996,107,417.2999999999999,1.0
NY,1997,365,1421.8,1.0
NY,1998,310,1695.71,1.0
NY,1999,711,6073.45,1.0
NY,2000,1756,1497.7800000000143,0.1
NY,2001,3262,7118.2399999999725,0.5
NY,2002,3512,4001.529999999962,0.1
NY,2003,4934,3894.849999999855,0.38
NY,2004,4062,2700.1799999999835,0.1
NY,2005,7700,5030.939999999917,0.1
NY,2006,6631,6774.110000000204,0.38
NY,2007,6319,4143.099999999774,0.1
NY,2008,7156,8121.799999999993,0.1
NY,2009,5764,5237.409999999855,0.1
NY,2010,6181,4300.129999999711,0.1
NY,2011,3740,1370.9399999999277,0.1
NY,2012,3944,3529.33999999996,0.1
NY,2013,2890,2376.4999999999936,0.1
NY,2014,4358,2972.882815999806,0.1
NY,2015,5884,7311.230000000915,0.1
OH,1992,21,101.7,3.0
OH,1993,18,42.70000000000002,0.2
OH,1994,28,125.69999999999999,1.0
OH,1995,47,292.3,2.0
OH,1996,9,70.3,2.0
OH,1997,22,41.50000000000001,0.5
OH,1998,27,203.39999999999995,1.0
OH,1999,40,705.1,2.0
OH,2000,28,370.4,1.75
OH,2001,86,941.9000000000002,0.75
OH,2002,142,347.9999999999998,0.5
OH,2003,63,1829.6939999999993,0.5
OH,2004,72,227.81999999999996,1.0
OH,2005,100,1072.3430000000003,1.0
OH,2006,222,1280.2130000000006,1.0
OH,2007,259,827.7200000000004,1.0
OH,2008,116,484.23500000000007,1.0
OH,2009,244,4784.419999999999,1.0
OH,2010,180,1512.98,1.0
OH,2011,79,287.74,1.0
OH,2012,204,1097.0200000000002,1.0
OH,2013,323,1716.51,1.0
OH,2014,612,3486.0699999999993,1.5
OH,2015,537,2084.0899999999992,1.0
OK,1992,1468,47575.0999999999,4.0
OK,1993,2300,69803.50000000003,4.0
OK,1994,1913,75164.20000000016,5.0
OK,1995,2603,94478.90000000013,5.0
OK,1996,2689,207500.0000000009,4.0
OK,1997,914,19627.600000000006,5.0
OK,1998,816,17945.300000000007,5.0
OK,1999,1665,16421.500000000007,5.0
OK,2000,1643,112723.89999999997,5.0
OK,2001,1290,30345.7,5.0
OK,2002,1535,42856.59999999996,5.0
OK,2003,1639,100423.35000000031,5.0
OK,2004,1688,70082.69999999982,5.0
OK,2005,2768,293010.4500000022,5.0
OK,2006,3265,416561.1199999986,5.0
OK,2007,1334,56966.65999999983,5.0
OK,2008,2165,146092.23000000042,4.5
OK,2009,2049,403834.449999998,7.0
OK,2010,2146,112898.10000000034,5.0
OK,2011,2542,327168.0999999994,7.0
OK,2012,1655,203966.35000000068,5.0
OK,2013,795,30111.049999999956,3.0
OK,2014,1172,187617.2000000004,6.0
OK,2015,1185,149316.25000000023,6.0
OR,1992,3957,117437.36000000207,0.1
OR,1993,1852,13843.280000000104,0.1
OR,1994,3473,276054.32000000123,0.1
OR,1995,2264,61282.49000000044,0.1
OR,1996,2875,590641.8399999961,0.1
OR,1997,2142,24603.93999999933,0.1
OR,1998,2575,83099.61999999915,0.1
OR,1999,2927,72161.9299999995,0.1
OR,2000,1938,365429.3799999998,0.1
OR,2001,3368,384247.22999999806,0.1
OR,2002,2759,1011076.6199999923,0.1
OR,2003,2615,169621.17000000633,0.1
OR,2004,2270,30383.73999999884,0.1
OR,2005,1746,139643.779999999,0.1
OR,2006,3184,500568.8200000007,0.1
OR,2007,2512,567205.8899999964,0.1
OR,2008,2668,240911.4300000041,0.1
OR,2009,2304,89058.37000000129,0.1
OR,2010,1925,87747.8800000003,0.1
OR,2011,1968,224034.59000000273,0.1
OR,2012,1657,1531105.270000008,0.1
OR,2013,2562,319439.9299999996,0.1
OR,2014,3047,934078.4399999916,0.1
OR,2015,2500,579124.0499999977,0.1
PA,1992,17,59.70000000000002,0.1
PA,1993,19,40.800000000000026,0.1
PA,1994,20,66.49999999999999,0.75
PA,1995,22,51.2,0.4
PA,1996,12,18.9,0.2
PA,1997,12,107.69999999999999,4.0
PA,1998,18,54.2,0.9
PA,1999,30,493.8000000000002,1.0
PA,2000,14,356.7,1.25
PA,2001,35,742.6999999999999,0.5
PA,2002,628,3173.793758999992,0.63
PA,2003,407,2082.1255799999963,1.0
PA,2004,193,2766.42199,0.5
PA,2005,783,4170.06701,0.9
PA,2006,874,7880.163580000064,0.6
PA,2007,514,1131.1865,0.3
PA,2008,652,7610.569300000039,0.5
PA,2009,633,6205.111820000013,0.8
PA,2010,583,3499.9659899999965,0.5
PA,2011,201,579.4100000000002,0.3
PA,2012,724,3207.5599999999995,0.8
PA,2013,639,1784.769999999998,0.5
PA,2014,875,4511.180000000005,1.0
PA,2015,807,4136.239999999987,1.0
PR,1992,4,127.0,17.5
PR,1993,1,163.0,163.0
PR,1994,4,1000.0,45.0
PR,1996,3,502.0,100.0
PR,1997,6,82.8,2.0
PR,1998,1,1.0,1.0
PR,2002,1,55.0,55.0
PR,2003,3622,18886.410000000018,1.0
PR,2004,1885,9274.29,1.0
PR,2005,4274,28132.090000000022,1.0
PR,2006,2529,11263.12,1.0
PR,2007,3693,24801.47999999998,1.0
PR,2008,17,618.1,10.0
PR,2009,1690,8870.359999999999,1.0
PR,2010,1750,7171.150000000001,1.0
PR,2011,2490,23233.569999999985,1.0
PR,2012,8,392.2,26.5
PR,2013,33,2527.4,3.9
PR,2014,42,260.70000000000005,0.8500000000000001
PR,2015,28,1326.75,0.5
RI,1994,1,25.0,25.0
RI,2005,18,36.0,1.0
RI,2006,25,93.0,1.0
RI,2007,21,37.0,1.0
RI,2008,135,90.99999999999974,0.1
RI,2009,47,50.63000000000001,0.5
RI,2011,34,28.04,0.5
RI,2012,49,39.91000000000002,0.25
RI,2013,19,16.7,0.5
RI,2014,46,23.300000000000004,0.3
RI,2015,85,121.82999999999996,0.5
SC,1992,5195,31202.79999999973,2.0
SC,1993,5287,34284.69999999975,1.5
SC,1994,4489,30354.099999999682,2.0
SC,1995,3520,17794.800000000017,1.5
SC,1996,4414,28609.599999999868,2.0
SC,1997,3070,25238.499999999884,2.0
SC,1998,3508,16369.000000000156,1.2
SC,1999,5384,35934.399999999725,2.0
SC,2000,4995,25197.29999999993,1.5
SC,2001,6225,36527.99999999931,1.0
SC,2002,4683,45485.59999999948,2.0
SC,2003,1315,6721.850000000019,1.0
SC,2004,3058,23390.699999999997,2.0
SC,2005,2704,14747.145000000059,2.0
SC,2006,2855,17646.260000000028,1.7
SC,2007,3998,22275.59999999992,1.5
SC,2008,2744,17397.779980000018,1.5
SC,2009,1757,30566.219999999877,1.8
SC,2010,2144,9468.370000000052,1.5
SC,2011,3181,29686.04999999981,2.0
SC,2012,1971,15437.330000000075,1.8
SC,2013,1626,9478.730000000038,2.0
SC,2014,1893,11225.900000000032,1.9
SC,2015,1299,6625.410000000006,1.5
SD,1992,554,59412.27999999991,0.3
SD,1993,438,6133.300000000029,0.2
SD,1994,882,16520.05000000011,0.5
SD,1995,665,10273.220000000081,0.1
SD,1996,839,18689.020000000088,0.3
SD,1997,607,4318.609999999985,0.1
SD,1998,816,14072.830000000084,0.25
SD,1999,1409,80370.22530000003,0.6
SD,2000,2271,355266.06400000263,1.0
SD,2001,1338,55260.74299999978,0.5
SD,2002,1962,118526.79399999976,0.5
SD,2003,1730,81492.5599999998,0.5
SD,2004,1377,14652.79999999999,0.1
SD,2005,1762,47559.439010000184,0.5
SD,2006,2646,197570.56100000124,0.5
SD,2007,1627,81107.19699999978,0.25
SD,2008,1190,41420.352999999945,0.5
SD,2009,984,38708.78529999989,0.5
SD,2010,698,5634.239999999974,0.1
SD,2011,1431,66036.49599999996,0.6
SD,2012,2726,170466.4490000007,0.9
SD,2013,1022,15061.18371000018,0.1
SD,2014,1023,18745.940000000013,0.25
SD,2015,966,53566.45999999955,0.5
TN,1992,55,429.6000000000001,2.0
TN,1993,65,866.4000000000002,1.0
TN,1994,73,3300.1999999999985,3.0
TN,1995,106,2049.1999999999994,3.0
TN,1996,56,484.10000000000014,1.0
TN,1997,1394,13043.70000000004,2.0
TN,1998,1836,20857.099999999897,2.0
TN,1999,3454,42251.399999999434,2.0
TN,2000,2674,75996.20000000036,2.0
TN,2001,2521,62141.09999999959,2.0
TN,2002,1485,13353.70000000005,2.0
TN,2003,31,1612.2,12.0
TN,2004,69,2466.75,5.0
TN,2005,2041,24852.999999999854,2.0
TN,2006,2183,32782.79999999977,2.0
TN,2007,3393,54314.829999999565,2.0
TN,2008,1429,22647.470009999957,2.0
TN,2009,1477,18139.070000000072,2.0
TN,2010,1904,22093.450000000037,2.0
TN,2011,1195,14787.000000000053,2.0
TN,2012,1203,21728.190000000035,1.8
TN,2013,638,10057.210000000012,2.4
TN,2014,1260,17872.770000000008,3.5
TN,2015,612,8524.960000000006,3.0
TX,1992,1168,33610.3,4.0
TX,1993,1457,116873.7,5.0
TX,1994,907,70917.49999999997,4.0
TX,1995,1648,56371.1,4.0
TX,1996,2843,216223.0,5.0
TX,1997,770,46780.899999999994,4.0
TX,1998,2026,136551.40000000002,3.0
TX,1999,1775,60028.200000000004,3.0
TX,2000,2627,181686.8,4.0
TX,2001,771,92226.20000000001,3.0
TX,2002,1229,43793.60000000003,4.0
TX,2003,1147,54367.15000000002,3.0
TX,2004,1040,34553.40000000002,3.0
TX,2005,6901,288851.34999999986,3.0
TX,2006,15022,1852752.9999899971,2.0
TX,2007,5477,135033.55000000042,2.0
TX,2008,18067,1483416.1199900184,2.0
TX,2009,14142,557794.4799999831,1.0
TX,2010,9351,238202.0300000032,1.0
TX,2011,19453,3498724.9500000314,1.0
TX,2012,7623,163114.90000000293,1.0
TX,2013,9735,71739.92000000004,1.0
TX,2014,8538,143843.0300000039,1.0
TX,2015,8304,208761.73000000685,1.0
UT,1992,1092,37531.90999999994,0.1
UT,1993,710,19887.469999999958,0.1
UT,1994,1663,213555.10000000216,0.2
UT,1995,1151,199115.6400000014,0.1
UT,1996,1666,511165.7899999963,0.25
UT,1997,862,32525.209999999828,0.1
UT,1998,873,96563.07000000066,0.2
UT,1999,1282,148497.92000000118,0.25
UT,2000,1857,227487.25000000172,0.1
UT,2001,1775,124088.14999999966,0.1
UT,2002,1143,239124.41000000274,0.1
UT,2003,1422,122967.76000000096,0.1
UT,2004,1519,85485.44000000243,0.1
UT,2005,1362,252095.79000000315,0.1
UT,2006,1926,346008.8609999953,0.25
UT,2007,1548,645219.2500099888,0.1
UT,2008,1062,34116.73999999967,0.1
UT,2009,1157,114485.48200000304,0.1
UT,2010,1056,62650.779999999206,0.1
UT,2011,1095,62043.62999999977,0.1
UT,2012,1592,432902.2849999961,0.1
UT,2013,1249,70397.45000000104,0.1
UT,2014,1058,27185.370999999635,0.1
UT,2015,605,9825.600000000099,0.1
VA,1992,43,434.60000000000025,1.0
VA,1993,54,564.0000000000003,0.5
VA,1994,78,1205.4999999999998,1.65
VA,1995,1550,15136.750000000227,1.0
VA,1996,824,3259.499999999985,1.0
VA,1997,1133,5199.299999999981,1.0
VA,1998,1168,9279.100000000082,1.0
VA,1999,1583,19266.200000000157,1.0
VA,2000,988,32191.799999999774,1.0
VA,2001,2101,20906.09999999984,1.0
VA,2002,1572,19874.899999999918,1.0
VA,2003,344,5577.700000000006,1.0
VA,2004,301,3231.599999999994,1.0
VA,2005,786,5424.549990000012,1.0
VA,2006,1268,23966.960000000076,1.0
VA,2007,1446,15894.490000000163,1.0
VA,2008,1287,42793.049999999654,1.0
VA,2009,784,8032.24000000001,1.0
VA,2010,1026,11554.630000000048,1.0
VA,2011,813,25008.879999999917,1.0
VA,2012,685,48077.77999999977,1.0
VA,2013,581,5871.550000000006,1.0
VA,2014,821,12566.540000000019,1.0
VA,2015,597,6328.099999999998,1.0
VT,1992,1,270.0,270.0
VT,1993,1,3.0,3.0
VT,1994,6,25.3,3.0
VT,1995,2,1.2,0.6
VT,1997,2,3.0,1.5
VT,1998,2,14.0,7.0
VT,1999,3,10.5,4.5
VT,2002,6,4.8,0.3
VT,2003,9,8.2,1.0
VT,2004,16,15.7,0.5
VT,2005,26,23.200000000000003,0.5
VT,2006,4,5.949999999999999,0.45
VT,2007,5,10.75,0.1
VT,2008,5,18.7,0.5
VT,2009,1,0.5,0.5
VT,2010,2,0.35,0.175
VT,2012,97,356.4880000000003,0.5
VT,2013,126,275.308,1.0
VT,2014,55,163.111,1.0
VT,2015,87,346.42900000000003,0.75
WA,1992,1774,89681.05000000281,0.1
WA,1993,986,22628.999999999633,0.1
WA,1994,2022,271438.09999999346,0.2
WA,1995,1213,6727.8000000000575,0.2
WA,1996,1091,148134.1000000015,0.2
WA,1997,999,27563.099999999526,0.1
WA,1998,1477,111620.70000000192,0.1
WA,1999,1475,26175.169999999544,0.2
WA,2000,1226,285252.5999999962,0.2
WA,2001,1158,223780.10000000242,0.2
WA,2002,1418,91469.26999999957,0.2
WA,2003,1433,199540.6100000032,0.2
WA,2004,1591,93797.80000000181,0.1
WA,2005,1089,138874.15000000154,0.2
WA,2006,1577,398481.10999998765,0.2
WA,2007,1304,264591.02000000316,0.2
WA,2008,1490,117879.42000000108,0.1
WA,2009,2000,87063.29000000101,0.1
WA,2010,1048,93046.29999999932,0.1
WA,2011,1028,38613.24999999993,0.1
WA,2012,1428,280766.41000000376,0.2
WA,2013,1378,153546.66000000262,0.1
WA,2014,1567,449900.91999999544,0.1
WA,2015,1741,1161646.3800000339,0.2
WI,1992,1287,2520.609999999994,0.2
WI,1993,884,1445.219999999995,0.2
WI,1994,1973,5242.020000000047,0.25
WI,1995,1640,2316.9299999999903,0.2
WI,1996,1463,2927.97,0.25
WI,1997,1675,2621.6000000000104,0.2
WI,1998,1611,4095.520000000023,0.2
WI,1999,1604,5353.080000000067,0.2
WI,2000,1578,7014.370000000077,0.2
WI,2001,993,1364.5499999999938,0.1
WI,2002,949,2600.5600000000068,0.2
WI,2003,2253,9084.54200000018,0.2
WI,2004,1161,2354.912000000005,0.2
WI,2005,1565,6513.318000000079,0.18
WI,2006,1658,3074.5160000000433,0.1
WI,2007,1487,4452.043010000061,0.12
WI,2008,813,901.6319999999996,0.1
WI,2009,1578,4144.7244470000305,0.19
WI,2010,1312,2531.3455999999896,0.15
WI,2011,735,635.7569999999997,0.1
WI,2012,1380,2796.7999999999543,0.2
WI,2013,692,9138.070000000112,0.1
WI,2014,605,2823.736000000003,0.2
WI,2015,965,2721.439999999989,0.2
WV,1992,701,7514.4000000000215,2.0
WV,1993,847,9434.00000000002,1.0
WV,1994,1010,50906.79999999999,2.0
WV,1995,1241,41583.5999999999,1.0
WV,1996,651,5858.5000000000055,1.0
WV,1997,719,7534.950000000015,1.0
WV,1998,1006,20567.31,1.0
WV,1999,1949,103301.45000000019,1.0
WV,2000,1106,50401.29999999994,1.5
WV,2001,1789,95542.60000000028,1.0
WV,2002,1000,10802.40000000004,1.0
WV,2003,641,8380.350000000024,0.8
WV,2004,618,6097.300000000015,1.0
WV,2005,762,15436.50000000003,0.75
WV,2006,1026,16152.400000000056,1.0
WV,2007,836,7519.690000000015,1.0
WV,2008,886,14352.450000000059,1.0
WV,2009,984,16630.00000000007,1.0
WV,2010,796,25454.159999999923,2.0
WV,2011,489,5811.460000000002,1.0
WV,2012,694,16745.520000000026,1.0
WV,2013,580,9714.030000000028,0.9
WV,2014,951,13638.510000000038,1.0
WV,2015,685,17251.37000000005,1.0
WY,1992,746,22241.800000000014,0.25
WY,1993,269,5323.450000000006,0.25
WY,1994,919,64564.1999999999,0.5
WY,1995,530,12563.75000000001,0.5
WY,1996,1032,270174.35000000027,1.0
WY,1997,195,8315.600000000013,0.2
WY,1998,198,4649.600000000001,0.2
WY,1999,305,39686.19999999996,0.5
WY,2000,571,367712.2999999987,0.9
WY,2001,672,66990.99999999994,0.3
WY,2002,670,133557.50000000084,0.3
WY,2003,717,91933.10000000033,0.2
WY,2004,409,19246.16999999995,0.25
WY,2005,521,26182.999999999924,0.25
WY,2006,769,245299.1100000011,0.5
WY,2007,595,94156.90000000088,0.3
WY,2008,449,102269.1100000008,0.35
WY,2009,474,23649.13999999998,0.2
WY,2010,631,86949.44919999994,0.4
WY,2011,640,134830.58000000042,1.0
WY,2012,1046,482305.4599999959,1.0
WY,2013,581,54321.79999999965,0.3
WY,2014,595,7725.890000000056,1.0
WY,2015,632,36821.224999999795,1.0
